{"cameraMode":{"drawMode":0,"name":"Shaded","section":"Shading Mode"},"sceneLighting":false,"audioPlay":false,"sceneViewState":{"showFog":true,"showMaterialUpdate":false,"showSkybox":false,"showFlares":true,"showImageEffects":true,"showParticleSystems":true},"in2DMode":false,"pivot":{"x":429.54998779296877,"y":248.2100067138672,"z":-5.690000057220459},"rotation":{"x":0.014901590533554554,"y":0.9565897583961487,"z":-0.04968900606036186,"w":0.28680914640426638},"size":1.2661325931549073,"orthographic":true}