{"cameraMode":{"drawMode":0,"name":"Shaded","section":"Shading Mode"},"sceneLighting":false,"audioPlay":false,"sceneViewState":{"showFog":true,"showMaterialUpdate":false,"showSkybox":false,"showFlares":true,"showImageEffects":true,"showParticleSystems":true},"in2DMode":false,"pivot":{"x":-8.300000190734864,"y":1.8799999952316285,"z":7.699999809265137},"rotation":{"x":0.22178144752979279,"y":0.6933819651603699,"z":-0.23935984075069428,"w":0.6424588561058044},"size":0.9207800626754761,"orthographic":true}