{"cameraMode":{"drawMode":0,"name":"Shaded","section":"Shading Mode"},"sceneLighting":true,"audioPlay":false,"sceneViewState":{"showFog":true,"showMaterialUpdate":false,"showSkybox":false,"showFlares":true,"showImageEffects":true,"showParticleSystems":true},"in2DMode":false,"pivot":{"x":-7.69999885559082,"y":10.400001525878907,"z":7.599998474121094},"rotation":{"x":0.22178144752979279,"y":0.6933819651603699,"z":-0.23935984075069428,"w":0.6424588561058044},"size":121.2435531616211,"orthographic":true}