{"cameraMode":{"drawMode":0,"name":"Shaded","section":"Shading Mode"},"sceneLighting":false,"audioPlay":false,"sceneViewState":{"showFog":true,"showMaterialUpdate":false,"showSkybox":false,"showFlares":true,"showImageEffects":true,"showParticleSystems":true},"in2DMode":false,"pivot":{"x":0.1619873046875,"y":4.355000019073486,"z":0.032421112060546878},"rotation":{"x":0.22178144752979279,"y":0.6933819651603699,"z":-0.23935984075069428,"w":0.6424588561058044},"size":59.19634246826172,"orthographic":true}